event_title,regulation_area,event_status,reliability_score,urgency_score,regulatory_impact_score,business_impact_score,overall_priority,effective_date,compliance_deadline,summary,recommended_attention,source_name,source_url
"AI Act enters into force","AI_ACT","A_OFFICIALLY_PUBLISHED","95","70","90","75","High","2024-08-01","","The EU AI Act has entered into force and creates phased obligations for AI providers and deployers operating in the EU.","Review applicability and implementation timeline","EUR-Lex Official Journal","https://eur-lex.europa.eu/eli/reg/2024/1689/oj/eng"
"AI Act prohibited practices guidance","AI_ACT_PROHIBITED_PRACTICES","B_OFFICIAL_DRAFT","85","80","95","70","Critical","2025-02-02","","Official Commission guidance clarifies prohibited AI practices under the AI Act.","Check whether any AI use case may fall into prohibited categories","European Commission AI Office","https://digital-strategy.ec.europa.eu/en/library/commission-publishes-guidelines-prohibited-artificial-intelligence-ai-practices-defined-ai-act"
"Draft high-risk AI classification guidance","AI_ACT_HIGH_RISK","B_OFFICIAL_DRAFT","65","55","85","80","High","","","Draft guidance explains how high-risk AI systems may be classified under Annex I and Annex III of the AI Act.","Monitor closely and assess high-risk AI exposure","European Commission AI Office",""
"AI Act transparency obligations guidance","AI_ACT_TRANSPARENCY","B_OFFICIAL_DRAFT","70","60","70","65","High","","","Official draft guidance addresses transparency obligations for certain AI systems under Article 50 of the AI Act.","Review user-facing AI transparency notices","European Commission AI Office",""
"GPAI Code of Practice chapters","AI_ACT_GPAI","B_OFFICIAL_DRAFT","70","50","80","40","Medium","","","Code of Practice materials provide guidance for general-purpose AI model providers, including transparency, copyright, safety, and security.","Relevant mainly for GPAI model providers","European Commission AI Office","https://digital-strategy.ec.europa.eu/en/policies/contents-code-gpai"
"EDPB data breach notification guidance","GDPR_DATA_BREACH","B_OFFICIAL_DRAFT","75","75","80","70","High","","","EDPB guidance explains personal data breach notification obligations under the GDPR.","Review breach detection and notification process","EDPB Guidelines and Recommendations","https://www.edpb.europa.eu/our-work-tools/our-documents/guidelines/guidelines-92022-personal-data-breach-notification-under_en"
"EDPB DPIA guidance","GDPR_DPIA","B_OFFICIAL_DRAFT","75","60","75","80","High","","","DPIA guidance helps identify processing likely to result in high risk under GDPR Article 35.","Assess whether high-risk processing requires DPIA","EDPB Guidelines and Recommendations","https://ec.europa.eu/newsroom/article29/items/611236/en"
"GDPR international transfer supplementary measures","GDPR_INTERNATIONAL_TRANSFERS","B_OFFICIAL_DRAFT","75","55","75","60","Medium","","","EDPB recommendations explain supplementary measures for personal data transfers outside the EU.","Review non-EU providers and transfer safeguards","EDPB Guidelines and Recommendations","https://www.edpb.europa.eu/our-work-tools/our-documents/recommendations/recommendations-012020-measures-supplement-transfer_en"
"News warning on GDPR and AI Act interplay","GDPR_AI_ACT_INTERPLAY","C_UNCONFIRMED_NEWS","35","35","65","60","Medium","","","A trusted privacy news source reports upcoming guidance on the interaction between GDPR and AI Act obligations.","Track but wait for official confirmation","IAPP News","https://iapp.org/news/"
"Political agreement on AI rule simplification","AI_ACT_SIMPLIFICATION","B_OFFICIAL_DRAFT","70","45","65","55","Medium","","","An official EU announcement reports political agreement on simplifying certain AI rules, but final legal publication should be monitored.","Monitor official publication and final legal text","European Commission Digital Strategy News","https://digital-strategy.ec.europa.eu/en/news/eu-agrees-simplify-ai-rules-boost-innovation-and-ban-nudification-apps-protect-citizens"
