name,url,source_type,authority_level,topic_area,access_method,priority,active,notes
EUR-Lex Official Journal,https://eur-lex.europa.eu/oj/direct-access.html,official_journal,official_binding,EU law,webpage/rss later,1,true,Primary source for binding EU legal acts published in the Official Journal.
EUR-Lex ELI Stable Links,https://eur-lex.europa.eu/content/help/data-reuse/linking.html,official_reference,official_binding,EU law,stable links,1,true,Used to create permanent legal links for official EU acts.
EUR-Lex Webservice,https://eur-lex.europa.eu/content/help/data-reuse/webservice.html,official_api,official_binding,EU law,SOAP API pending access,1,true,Official EUR-Lex query service for registered users; useful once access is approved.
European Commission AI Office,https://digital-strategy.ec.europa.eu/en/policies/ai-office,official_guidance,official_guidance,AI Act,webpage,1,true,Official AI Office page for AI Act implementation and institutional updates.
European Commission AI Act Policy,https://digital-strategy.ec.europa.eu/en/policies/regulatory-framework-ai,official_guidance,official_guidance,AI Act,webpage,1,true,Official Commission policy page for the AI Act regulatory framework.
European Commission Digital Strategy News,https://digital-strategy.ec.europa.eu/en/news,official_news,official_guidance,AI Act and digital policy,webpage,2,true,Official Commission news page useful for AI Act updates and policy announcements.
EDPB Guidelines and Recommendations,https://www.edpb.europa.eu/our-work-tools/general-guidance/guidelines-recommendations-best-practices_en,official_guidance,official_guidance,GDPR,webpage,1,true,Official EDPB guidance source for GDPR interpretation and recommendations.
EDPB News,https://www.edpb.europa.eu/news/news_en,official_news,official_guidance,GDPR,webpage,2,true,Official EDPB news page for new guidance consultations and GDPR-related updates.
IAPP News,https://iapp.org/news/,trusted_news,trusted_warning,Privacy and AI governance,webpage/newsletter,3,true,Trusted professional source for early warnings on privacy and AI governance developments; not official evidence.
IAPP AI Governance Resources,https://iapp.org/resources/topics/ai-governance/,trusted_news,trusted_warning,AI governance,webpage,3,true,Useful source for AI governance trends and commentary; warning source only.
Euractiv Tech,https://www.euractiv.com/section/tech/,trusted_news,trusted_warning,EU tech policy,webpage/rss,3,true,EU policy news source useful for early regulatory signals; must be validated against official sources.
Future of Privacy Forum AI,https://fpf.org/fpf-ai/,expert_source,trusted_warning,AI governance and privacy,webpage,4,true,Expert policy analysis source; useful for context but not official evidence.
European Law Blog AI,https://europeanlawblog.eu/category/artificial-intelligence/,expert_source,trusted_warning,EU law and AI,webpage,4,true,Expert legal commentary source; useful for interpretation and warning signals only.
